{"cameraMode":{"drawMode":0,"name":"Shaded","section":"Shading Mode"},"sceneLighting":false,"audioPlay":false,"sceneViewState":{"showFog":true,"showMaterialUpdate":true,"showSkybox":false,"showFlares":true,"showImageEffects":true,"showParticleSystems":true},"in2DMode":false,"pivot":{"x":0.0,"y":0.734310507774353,"z":0.008890002965927124},"rotation":{"x":0.0998803898692131,"y":0.09417417645454407,"z":-0.009503640234470368,"w":0.9904934763908386},"size":1.0475581884384156,"orthographic":true}