{"cameraMode":{"drawMode":0,"name":"Shaded","section":"Shading Mode"},"sceneLighting":false,"audioPlay":false,"sceneViewState":{"showFog":true,"showMaterialUpdate":true,"showSkybox":false,"showFlares":true,"showImageEffects":true,"showParticleSystems":true},"in2DMode":false,"pivot":{"x":82.552734375,"y":-35.788665771484378,"z":5.171875},"rotation":{"x":0.001495842356234789,"y":0.07404334843158722,"z":0.00011226364586036652,"w":-0.9972589015960693},"size":74.62779235839844,"orthographic":true}