{"cameraMode":{"drawMode":0,"name":"Shaded","section":"Shading Mode"},"sceneLighting":false,"audioPlay":false,"sceneViewState":{"showFog":true,"showMaterialUpdate":true,"showSkybox":false,"showFlares":true,"showImageEffects":true,"showParticleSystems":true},"in2DMode":false,"pivot":{"x":-0.015953121706843377,"y":0.6864534616470337,"z":0.0089111328125},"rotation":{"x":0.00026998293469659984,"y":0.9995100498199463,"z":-0.008995847776532174,"w":0.02999425306916237},"size":1.0475581884384156,"orthographic":true}