{"cameraMode":{"drawMode":0,"name":"Shaded","section":"Shading Mode"},"sceneLighting":false,"audioPlay":false,"sceneViewState":{"showFog":true,"showMaterialUpdate":false,"showSkybox":false,"showFlares":true,"showImageEffects":true,"showParticleSystems":true},"in2DMode":false,"pivot":{"x":0.0,"y":0.8329070806503296,"z":0.004955559968948364},"rotation":{"x":-0.008431457914412022,"y":0.9855137467384338,"z":-0.1613779515028,"w":-0.05148982256650925},"size":1.2087692022323609,"orthographic":false}