{"cameraMode":{"drawMode":0,"name":"Shaded","section":"Shading Mode"},"sceneLighting":false,"audioPlay":false,"sceneViewState":{"showFog":true,"showMaterialUpdate":true,"showSkybox":false,"showFlares":true,"showImageEffects":true,"showParticleSystems":true},"in2DMode":false,"pivot":{"x":0.1720653474330902,"y":-0.0019611604511737825,"z":0.07926055788993836},"rotation":{"x":-0.044984959065914157,"y":0.0036079867277294399,"z":-0.00015898053243290633,"w":-0.9989912509918213},"size":0.46927133202552798,"orthographic":true}