{"cameraMode":{"drawMode":0,"name":"Shaded","section":"Shading Mode"},"sceneLighting":false,"audioPlay":false,"sceneViewState":{"showFog":true,"showMaterialUpdate":true,"showSkybox":false,"showFlares":true,"showImageEffects":true,"showParticleSystems":true},"in2DMode":false,"pivot":{"x":-0.0040045082569122318,"y":0.8542056083679199,"z":0.0037601590156555177},"rotation":{"x":-0.044984959065914157,"y":0.0036079867277294399,"z":-0.00015898053243290633,"w":-0.9989912509918213},"size":1.2399637699127198,"orthographic":true}