{"cameraMode":{"drawMode":0,"name":"Shaded","section":"Shading Mode"},"sceneLighting":false,"audioPlay":false,"sceneViewState":{"showFog":true,"showMaterialUpdate":false,"showSkybox":false,"showFlares":true,"showImageEffects":true,"showParticleSystems":true},"in2DMode":false,"pivot":{"x":0.0,"y":0.008130162954330445,"z":0.0010934770107269288},"rotation":{"x":-0.008431457914412022,"y":0.9855137467384338,"z":-0.1613779515028,"w":-0.05148982256650925},"size":0.5563624501228333,"orthographic":false}