{"cameraMode":{"drawMode":0,"name":"Shaded","section":"Shading Mode"},"sceneLighting":false,"audioPlay":false,"sceneViewState":{"showFog":true,"showMaterialUpdate":true,"showSkybox":false,"showFlares":true,"showImageEffects":true,"showParticleSystems":true},"in2DMode":false,"pivot":{"x":82.17296600341797,"y":-50.149993896484378,"z":-10.048501968383789},"rotation":{"x":0.09728701412677765,"y":0.03462110459804535,"z":-0.003393658436834812,"w":0.9946550726890564},"size":99.24171447753906,"orthographic":true}