{"cameraMode":{"drawMode":0,"name":"Shaded","section":"Shading Mode"},"sceneLighting":false,"audioPlay":false,"sceneViewState":{"showFog":true,"showMaterialUpdate":true,"showSkybox":false,"showFlares":true,"showImageEffects":true,"showParticleSystems":true},"in2DMode":false,"pivot":{"x":64.02581787109375,"y":-62.7140007019043,"z":-9.5367431640625e-7},"rotation":{"x":-0.08230828493833542,"y":-0.04870357736945152,"z":0.004028712399303913,"w":-0.9954137802124023},"size":81.72097778320313,"orthographic":true}