{"cameraMode":{"drawMode":0,"name":"Shaded","section":"Shading Mode"},"sceneLighting":false,"audioPlay":false,"sceneViewState":{"showFog":true,"showMaterialUpdate":true,"showSkybox":false,"showFlares":true,"showImageEffects":true,"showParticleSystems":true},"in2DMode":false,"pivot":{"x":-2.9802322387695315e-8,"y":0.04274576157331467,"z":0.2646869421005249},"rotation":{"x":-0.07786383479833603,"y":-0.03826310113072395,"z":0.002992102410644293,"w":-0.9962305426597595},"size":0.3621091842651367,"orthographic":true}