{"cameraMode":{"drawMode":0,"name":"Shaded","section":"Shading Mode"},"sceneLighting":false,"audioPlay":false,"sceneViewState":{"showFog":true,"showMaterialUpdate":true,"showSkybox":false,"showFlares":true,"showImageEffects":true,"showParticleSystems":true},"in2DMode":false,"pivot":{"x":-4.470348358154297e-8,"y":0.04274574667215347,"z":0.2646869122982025},"rotation":{"x":0.00026998293469659984,"y":0.9995100498199463,"z":-0.008995847776532174,"w":0.02999425306916237},"size":0.36210912466049197,"orthographic":true}